{"cameraMode":{"drawMode":0,"name":"Shaded","section":"Shading Mode"},"sceneLighting":false,"audioPlay":false,"sceneViewState":{"m_AlwaysRefresh":false,"showFog":false,"showSkybox":false,"showFlares":false,"showImageEffects":false,"showParticleSystems":false,"showVisualEffectGraphs":true,"m_FxEnabled":true},"in2DMode":false,"pivot":{"x":1.1920928955078126e-7,"y":0.8958375453948975,"z":-0.00856812298297882},"rotation":{"x":0.011733686551451683,"y":-0.9410257935523987,"z":0.336587131023407,"w":0.03275321051478386},"size":1.3808411359786988,"orthographic":false}