{"cameraMode":{"drawMode":0,"name":"Shaded","section":"Shading Mode"},"sceneLighting":false,"audioPlay":false,"sceneViewState":{"m_AlwaysRefresh":false,"showFog":true,"showSkybox":false,"showFlares":true,"showImageEffects":true,"showParticleSystems":true,"showVisualEffectGraphs":true,"m_FxEnabled":true},"in2DMode":false,"pivot":{"x":0.13608825206756593,"y":-0.09985601902008057,"z":1.178269624710083},"rotation":{"x":0.05384581908583641,"y":0.9163016676902771,"z":-0.13175031542778016,"w":0.37443462014198305},"size":1.0768396854400635,"orthographic":false}