{"cameraMode":{"drawMode":0,"name":"Shaded","section":"Shading Mode"},"sceneLighting":false,"audioPlay":false,"sceneViewState":{"m_AlwaysRefresh":false,"showFog":true,"showSkybox":false,"showFlares":true,"showImageEffects":true,"showParticleSystems":true,"showVisualEffectGraphs":true,"m_FxEnabled":true},"in2DMode":false,"pivot":{"x":1.1555430889129639,"y":0.6973925232887268,"z":2.9059488773345949},"rotation":{"x":0.0070925611071288589,"y":0.9928297400474548,"z":-0.07640767842531204,"w":0.09202973544597626},"size":1.5639746189117432,"orthographic":false}