{"cameraMode":{"drawMode":0,"name":"Shaded","section":"Shading Mode"},"sceneLighting":false,"audioPlay":false,"sceneViewState":{"m_AlwaysRefresh":false,"showFog":false,"showSkybox":false,"showFlares":false,"showImageEffects":false,"showParticleSystems":false,"showVisualEffectGraphs":true,"m_FxEnabled":true},"in2DMode":false,"pivot":{"x":5.960464477539063e-8,"y":0.8174678087234497,"z":-0.005579888820648193},"rotation":{"x":-0.013383898884057999,"y":-0.9759640097618103,"z":0.20833559334278108,"w":-0.06275356560945511},"size":1.5197559595108033,"orthographic":false}