{"cameraMode":{"drawMode":0,"name":"Shaded","section":"Shading Mode"},"sceneLighting":false,"audioPlay":false,"sceneViewState":{"m_AlwaysRefresh":false,"showFog":false,"showSkybox":false,"showFlares":false,"showImageEffects":false,"showParticleSystems":false,"showVisualEffectGraphs":true,"m_FxEnabled":true},"in2DMode":false,"pivot":{"x":1.2799482345581055,"y":-0.045355066657066348,"z":-4.26865291595459},"rotation":{"x":-0.02458915486931801,"y":-0.9749389290809631,"z":0.14018632471561433,"w":-0.17108038067817689},"size":3.3197555541992189,"orthographic":false}