{"cameraMode":{"drawMode":0,"name":"Shaded","section":"Shading Mode"},"sceneLighting":true,"audioPlay":false,"sceneViewState":{"m_AlwaysRefresh":false,"showFog":true,"showSkybox":true,"showFlares":true,"showImageEffects":true,"showParticleSystems":true,"showVisualEffectGraphs":true,"m_FxEnabled":true},"in2DMode":false,"pivot":{"x":0.7873020172119141,"y":-0.9319438934326172,"z":-0.4519917964935303},"rotation":{"x":-0.22833506762981416,"y":0.6946454048156738,"z":-0.24988213181495667,"w":-0.6347657442092896},"size":6.2816314697265629,"orthographic":false}