{"cameraMode":{"drawMode":0,"name":"Shaded","section":"Shading Mode"},"sceneLighting":true,"audioPlay":false,"sceneViewState":{"m_AlwaysRefresh":false,"showFog":true,"showSkybox":true,"showFlares":true,"showImageEffects":true,"showParticleSystems":true,"showVisualEffectGraphs":true,"m_FxEnabled":true},"in2DMode":false,"pivot":{"x":0.11928272247314453,"y":0.4055352210998535,"z":-4.356847763061523},"rotation":{"x":0.20543448626995088,"y":0.25581130385398867,"z":-0.05572878196835518,"w":0.9430032968521118},"size":4.3419389724731449,"orthographic":false}