{"cameraMode":{"drawMode":0,"name":"Shaded","section":"Shading Mode"},"sceneLighting":true,"audioPlay":false,"sceneViewState":{"m_AlwaysRefresh":false,"showFog":true,"showSkybox":true,"showFlares":true,"showImageEffects":true,"showParticleSystems":true,"showVisualEffectGraphs":true,"m_FxEnabled":true},"in2DMode":false,"pivot":{"x":0.2549428939819336,"y":1.8988184928894044,"z":0.7299370765686035},"rotation":{"x":0.13399820029735566,"y":0.3541792035102844,"z":-0.05135725811123848,"w":0.9241020679473877},"size":3.905794143676758,"orthographic":true}