{"cameraMode":{"drawMode":0,"name":"Shaded","section":"Shading Mode"},"sceneLighting":true,"audioPlay":false,"sceneViewState":{"m_AlwaysRefresh":false,"showFog":true,"showSkybox":true,"showFlares":true,"showImageEffects":true,"showParticleSystems":true,"showVisualEffectGraphs":true,"m_FxEnabled":true},"in2DMode":false,"pivot":{"x":2.1970794200897219,"y":1.8011133670806885,"z":0.12378179281949997},"rotation":{"x":0.0037959166802465917,"y":0.9834199547767639,"z":-0.18078646063804627,"w":0.019588587805628778},"size":4.21975564956665,"orthographic":false}