{"cameraMode":{"drawMode":0,"name":"Shaded","section":"Shading Mode"},"sceneLighting":true,"audioPlay":false,"sceneViewState":{"m_AlwaysRefresh":false,"showFog":true,"showSkybox":true,"showFlares":true,"showImageEffects":true,"showParticleSystems":true,"showVisualEffectGraphs":true,"m_FxEnabled":true},"in2DMode":false,"pivot":{"x":5.960398752336005e-8,"y":0.8174588084220886,"z":-0.005579827353358269},"rotation":{"x":-0.013383898884057999,"y":-0.9759640097618103,"z":0.20833559334278108,"w":-0.06275356560945511},"size":3.0197558403015138,"orthographic":false}