{"cameraMode":{"drawMode":0,"name":"Shaded","section":"Shading Mode"},"sceneLighting":false,"audioPlay":false,"sceneViewState":{"m_AlwaysRefresh":false,"showFog":true,"showSkybox":false,"showFlares":true,"showImageEffects":true,"showParticleSystems":true,"showVisualEffectGraphs":true,"m_FxEnabled":true},"in2DMode":false,"pivot":{"x":-0.010722874663770199,"y":-0.2531399726867676,"z":0.17878365516662599},"rotation":{"x":-0.022257521748542787,"y":-0.6758197546005249,"z":0.7364435195922852,"w":-0.02038942649960518},"size":1.1823594570159913,"orthographic":false}